{"cameraMode":{"drawMode":0,"name":"Shaded","section":"Shading Mode"},"sceneLighting":true,"audioPlay":false,"sceneViewState":{"showFog":true,"showMaterialUpdate":false,"showSkybox":true,"showFlares":true,"showImageEffects":true,"showParticleSystems":true},"in2DMode":false,"pivot":{"x":1.9380435943603516,"y":6.489360809326172,"z":21.518709182739259},"rotation":{"x":-0.08520995080471039,"y":0.8905787467956543,"z":-0.18702884018421174,"w":-0.4057465195655823},"size":40.58686065673828,"orthographic":false}